name;artist;album;release_date;duration_ms;popularity;genres;YouTube_Title;YouTube_URL;downloaded
The Spark;Kabin Crew Lisdoonvarna Crew;The Spark;13/06/2024;146384;68;;The Spark- Kabin Crew;https://www.youtube.com/watch?v=njE3EknkkBY;False
STOP;Chico Blanco SIMONA;STOP;25/08/2022;266625;0;rbano espanol - pop electron;Chico Blanco  SIMONA - :$TOP;https://www.youtube.com/watch?v=bqukBzgsuyQ;False
Carnage;Trends Boylan;Ninety Nine;07/07/2023;313500;10;rimewave - instrumental gr;Trends  Boylan – Carnage;https://www.youtube.com/watch?v=_iiT2P-bEFY;False
Let It Breathe;Villem Mcleod Leo Wood;Playing the Changes;14/09/2018;289755;29;eep liquid bass - liquid f;Villem  McLeod - Let It Breathe (ft. Leo Wood);https://www.youtube.com/watch?v=kKRKsSB-YBM;False
Ease My Mind (feat. Niki and the Dove);Skrillex Niki & The Dove;Recess;14/03/2014;302520;49;omplextro - swedish synthpop - edm - brostep - indietronica - swedish indie pop - swedish electropop - electro - metropopolis - pop da;Skrillex - Ease My Mind with Niki &amp;https://www.youtube.com/watch?v=hwsXo6fsmso;False
Let's go;DONGURIZU;DONGRHYTHM;28/06/2024;146867;35;apanese alternative ;(DONGURIZU) – Lets go;https://www.youtube.com/watch?v=u_AJB8TvcDo;False
Glue;BICEP;Bicep;01/09/2017;269149;70;lectronica - ambient ho;BICEP | GLUE (Official Video);https://www.youtube.com/watch?v=A7ZxRs45tTg;True
Because You Move Me;Tinlicker Helsloot;Because You Move Me;31/07/2017;196375;75;elodic house - ho;Tinlicker & Helsloot - Because You Move Me;https://www.youtube.com/watch?v=q-e8-kaWDvI;True
BLUEBERRY YUM YUM;BHZ Monk Dead Dawg Big Pat;HALB:VIER DELUXE;16/07/2021;232844;0;erman alternative rap - german trap - german hip ;BLUEBERRY YUM YUM;https://www.youtube.com/watch?v=VNJmhXQoB0Q;True
Crimewave;Crystal Castles HEALTH;Crystal Castles;16/03/2008;258453;62;intendocore - bitpop - indietronica - neo-synthpop - grave wave - new rave - noise rock - digital hardcore - metropopolis - alternative dance - noise ;Crystal Castles - Crimewave (Crystal Castles vs. Health);https://www.youtube.com/watch?v=ayc4Nv1fnZY;True
Overthinker;INZO;Overthinker;23/07/2018;268000;4;;INZO - Overthinker;https://www.youtube.com/watch?v=luQSQuCHtcI;True
Guardian;SpectraSoul;4 Points / Guardian;23/11/2009;357053;20;eurofunk - liquid funk - drum and b;Guardian;https://www.youtube.com/watch?v=lCs9ZyWxWWo;True
Tink Ya Bad - Remix;G Dub Lindo P;Back in Business / Tink Ya Bad (Remix);18/09/2017;265757;14;ump;Tink Ya Bad (Feat. Lindo P) (Remix);https://www.youtube.com/watch?v=Q_tc0EL9lNM;True
Time Tripping;DJ Hazard;Time Tripping / Digital Bumble Bees;24/06/2013;317140;30;ump up - ragga jungle - bass house - drum and bass - jun;DJ Hazard - Time Tripping;https://www.youtube.com/watch?v=JXBnbHA59dY;True
Good Time;Crystal Castles;Crystal Castles;16/03/2008;175520;34;intendocore - bitpop - indietronica - neo-synthpop - new rave - digital hardcore - alternative da;Crystal Castles - Good Time;https://www.youtube.com/watch?v=SnTGSHhEOfI;True
1991;Crystal Castles;Crystal Castles;16/03/2008;113506;38;intendocore - bitpop - indietronica - neo-synthpop - new rave - digital hardcore - alternative da;Crystal Castles - 1991;https://www.youtube.com/watch?v=hYf20ovQm5g;True
Vanished;Crystal Castles;Crystal Castles;16/03/2008;242960;67;intendocore - bitpop - indietronica - neo-synthpop - new rave - digital hardcore - alternative da;Crystal Castles - Vanished;https://www.youtube.com/watch?v=6e6Hj7MwWaI;True
Stop It;FISHER;Oi Oi;10/11/2017;163790;3;ustralian house - ho;FISHER - Stop It;https://www.youtube.com/watch?v=KBDTXl9gD3o;True
Cola;CamelPhat Elderbrook;Cola;16/06/2017;223869;68;eep tech house - uk dance - house - progressive ho;CamelPhat & Elderbrook 'Cola' (Official Video);https://www.youtube.com/watch?v=LcNXG-6SqWA;True
You See;We Are Nuts!;You See;19/12/2016;284160;17;;We Are Nuts! - You See;https://www.youtube.com/watch?v=VQcM06ANeck;True
Sad;UNLOGIX;Sad;15/12/2014;260374;39;;Sad;https://www.youtube.com/watch?v=3Mw_Htu_e7k;True
Rave;Sam Paganini;Satellite;29/09/2014;405699;12;eep minimal techno - minimal techno - italian tec;Sam Paganini - Rave (Original Mix) [DRUMCODE];https://www.youtube.com/watch?v=WWuDiwr30SI;True
I Think I Like It - Original Mix;Fake Blood;I Think I Like It;26/02/2010;336562;20;idget ho;Fake Blood - I Think I Like It;https://www.youtube.com/watch?v=SaoT_ULWJZk;True
Her;Dustycloud;Her;29/08/2017;289933;18;lectro house - bass ho;Dustycloud - Her;https://www.youtube.com/watch?v=PmnQnT93_vk;True
Techno;Destructo;Techno;21/09/2015;225306;35;lectro house - bass ho;The Private Pain of Techno Destructo;https://www.youtube.com/watch?v=tqVaQpdX7ds;True
La Espanolita;UNLOGIX;La Espanolita;14/01/2016;270080;0;;Unlogix - La espanolita   ( Unlogix - remix );https://www.youtube.com/watch?v=wVBz0iiox4k;True
Ya Kidding;FISHER;Ya Kidding;30/06/2017;238080;1;ustralian house - ho;FISHER - Ya Kidding;https://www.youtube.com/watch?v=Om3z8zvNKdY;True
Riverside 2099;Oliver Heldens Sidney Samson;Riverside 2099;06/07/2018;234533;45;dm - electro house - dutch house - melbourne bounce - future house - progressive house - progressive electro house - house - pop da;Oliver Heldens & Sidney Samson - Riverside 2099 (Official Music Video);https://www.youtube.com/watch?v=iGdeqAHbCEU;True
Losing It;FISHER;Losing It;13/07/2018;248035;70;ustralian house - ho;FISHER - Losing It (Official Audio);https://www.youtube.com/watch?v=u31thuMehjM;True
Take It;Dom Dolla;Take It;27/07/2018;234440;60;eep groove house - australian house - ho;Dom Dolla - Take It (Official Music Video);https://www.youtube.com/watch?v=uluaU17xFkc;True
Celestica;Crystal Castles;Crystal Castles (II);01/01/2010;230093;0;intendocore - bitpop - indietronica - neo-synthpop - new rave - digital hardcore - alternative da;Crystal Castles - Celestica;https://www.youtube.com/watch?v=IsxNUl1IHnE;True
Empathy;Crystal Castles;Crystal Castles (II);01/01/2010;251106;0;intendocore - bitpop - indietronica - neo-synthpop - new rave - digital hardcore - alternative da;Crystal Castles - Empathy (Lyrics);https://www.youtube.com/watch?v=MyD-RvjXizo;True
Vietnam;Crystal Castles;Crystal Castles (II);01/01/2010;308240;0;intendocore - bitpop - indietronica - neo-synthpop - new rave - digital hardcore - alternative da;Crystal Castles - Vietnam;https://www.youtube.com/watch?v=V3e90yExv38;True
Circles;Digitalism;I Love You Dude;15/06/2011;227520;25;lectronica - indietronica - neo-synthpop - new rave - dance-punk - alternative da;Digitalism - Circles;https://www.youtube.com/watch?v=xqw6u1cSZB8;True
Big Joint - Original Mix;Mandragora LIL NINJA;Big Joint;27/09/2016;292058;20;exican edm - brazilian edm - trance mexic;Big Joint (Original Mix);https://www.youtube.com/watch?v=kIOj_Rpz70o;True
F O R C E / I M P U L S E;1788-L;S E N T I E N C E;24/08/2018;218666;15;lectro house - dark clubbing - bros;1788-L - FORCE/IMPULSE;https://www.youtube.com/watch?v=6LdQAMYeBCo;True
Anarchy;Delta Heavy Everyone You Know;Only In Dreams;22/03/2019;218057;0;ondon indie - filthstep - brostep - drum and b;Delta Heavy x Everyone You Know - Anarchy;https://www.youtube.com/watch?v=ohGiZ1QVJok;True
Spin It;JVST SAY YES;Spin It;07/09/2018;172500;0;lectro house - gaming dubstep - bass house - bros;JVST SAY YES - Spin It (Official Video);https://www.youtube.com/watch?v=emg0kiQJqtI;True
Cash Money;Malaa;Cash Money;13/09/2018;241951;0;dm - brostep - electro house - electronic trap - bass house - ho;Malaa - Cash Money (Official Audio);https://www.youtube.com/watch?v=KAYv9qGxijk;True
In The Zone;Jauz Example;In The Zone;23/03/2018;195625;0;ip house - edm - brostep - electro house - uk da;Jauz Ft. Example - In The Zone (Official Music Video);https://www.youtube.com/watch?v=Z4xDo2M8aVQ;True
Kung Fu;Dr. Fresch BIJOU;Gangsta Party EP;25/01/2019;179824;2;lectro house - tech house - bass ho;Dr. Fresch & BIJOU - Kung Fu;https://www.youtube.com/watch?v=3kcdjQdSgcs;True
Gallina y Cocaina;John Pollon Parkineos;Gallina y Cocaina;30/09/2021;202903;0;rbano espa;La Gallina;https://www.youtube.com/watch?v=ncdTUj5DRco;True
Pogo;Digitalism;Idealism;09/05/2007;226466;5;lectronica - indietronica - neo-synthpop - new rave - dance-punk - alternative da;Digitalism - Pogo;https://www.youtube.com/watch?v=cZvt23iBVVo;True
JPEG;Digitalism;JPEG;06/12/2019;171866;37;lectronica - indietronica - neo-synthpop - new rave - dance-punk - alternative da;JPEG;https://www.youtube.com/watch?v=Znv_aMZXZQM;True
Illusion;Digitalism;Illusion;26/11/2021;310452;14;lectronica - indietronica - neo-synthpop - new rave - dance-punk - alternative da;DIGITALISM - ILLUSION;https://www.youtube.com/watch?v=fXelOAfzsVM;True
Zdarlight;Digitalism;Idealism;09/05/2007;340773;1;lectronica - indietronica - neo-synthpop - new rave - dance-punk - alternative da;Digitalism - Zdarlight;https://www.youtube.com/watch?v=tRgRbWFr9Mg;True
Battlecry;Digitalism;Mirage;13/05/2016;259013;12;lectronica - indietronica - neo-synthpop - new rave - dance-punk - alternative da;Digitalism - Battlecry;https://www.youtube.com/watch?v=gZq_jru-sFM;True
No Cash;Digitalism;Mirage;13/05/2016;350320;4;lectronica - indietronica - neo-synthpop - new rave - dance-punk - alternative da;Digitalism - No Cash;https://www.youtube.com/watch?v=NF6i5dAjEfM;True
Arena;Digitalism;Mirage;13/05/2016;180960;8;lectronica - indietronica - neo-synthpop - new rave - dance-punk - alternative da;Digitalism - Arena;https://www.youtube.com/watch?v=4vjrr24d0q0;True
Panic Attack;Echonomist Jenia Tarsol;Panic Attack;15/10/2021;389500;0;reek ho;Echonomist & Jenia Tarsol - Panic Attack;https://www.youtube.com/watch?v=k__U5vG1xFA;True
Lets Go;Stuck in the Sound;Pursuit;30/01/2012;211453;56;rench rock - rock independant franc;Stuck in the Sound - Let's Go [Video Oficial];https://www.youtube.com/watch?v=52Gg9CqhbP8;True
Fractals - Digitalism Remix;QRTR Digitalism;infina ad nausea: the remixes [international disco pack];07/01/2022;307358;0;lectronica - indietronica - neo-synthpop - new rave - dance-punk - alternative dance - nyc c;Fractals (Digitalism Remix);https://www.youtube.com/watch?v=0H01OhVhZnU;True
Panavision;Digitalism;JPEG_complete;21/05/2021;272573;9;lectronica - indietronica - neo-synthpop - new rave - dance-punk - alternative da;Panavision;https://www.youtube.com/watch?v=WQGszi_nnyw;True
Olympia;Digitalism;JPEG_complete;21/05/2021;250906;6;lectronica - indietronica - neo-synthpop - new rave - dance-punk - alternative da;Digitalism - Olympia;https://www.youtube.com/watch?v=n5dCl4nMKEw;True
In Heat. - Spooki Remix;Spooki Hentai Xander;In Heat. (Spooki Remix);05/07/2021;332347;0;;Hentai Xander - In Heat. (Spooki Remix);https://www.youtube.com/watch?v=aW3CEoihYCk;True
Bangarang (feat. Sirah);Skrillex Sirah;Bangarang EP;27/12/2011;215253;66;omplextro - edm - brostep - electro - pop da;SKRILLEX - Bangarang feat. Sirah [Official Music Video];https://www.youtube.com/watch?v=YJVmu6yttiw;True
Drink Ist Kalt;BHZ Ion Miles Big Pat Longus Mongus;halb:vier;18/06/2021;187542;0;erman alternative rap - german cloud rap - german hip ;BHZ - DRINK IST KALT (Prod. by MotB Themba Jaynu Vega & Sami);https://www.youtube.com/watch?v=45OgZnmRnss;True
Speeddance - Antonio Gram Remix;Reptile Youth Esben Valle;Remixed;06/05/2013;448278;0;anish alternative r;Reptile Youth: Speeddance (Antonio Gram Remix);https://www.youtube.com/watch?v=BREoVV_m3kQ;True
Healing;COMPUTER DATA;Emotional Shift;22/11/2018;375000;45;;COMPUTER DATA - healing;https://www.youtube.com/watch?v=NVEdr0OO_4U;True
Papi;DJ Gigola Kev Koko;Tender Trance;14/06/2019;295258;1;eue neue deutsche we;DJ Gigola & Kev Koko Papi [LFEK005];https://www.youtube.com/watch?v=F_mGxzmZK-c;True
The Soul Condor;Curry & Krawall;The Soul Condor (Remixes);13/05/2016;374400;31;;Curry & Krawall - The Soul Condor;https://www.youtube.com/watch?v=8w5QrkrR4N0;True
Guess Who Just Rolled Back into Town;Does It Offend You Yeah?;Guess Who Just Rolled Back into Town;02/05/2022;208415;18;ew rave - electronic rock - dance-punk - reading indie - alternative da;GUESS WHO JUST ROLLED BACK INTO TOWN;https://www.youtube.com/watch?v=bVh3Ty-498E;True
Wolves - Instrumental;Digitalism;Wolves (Instrumental);12/05/2014;283439;8;lectronica - indietronica - neo-synthpop - new rave - dance-punk - alternative da;Digitalism - Wolves;https://www.youtube.com/watch?v=YUJJXnSp5Xk;True
LOVE WILL GUIDE YOU;Shinichi Osawa Tommie Sunshine;SO2;30/06/2010;338800;16;apanese jazztronica - electro house - melbourne bou;Shinichi Osawa / LOVE WILL GUIDE YOU feat.TOMMIE SUNSHINE;https://www.youtube.com/watch?v=Xxbez10aIYY;True
One In a Million (Club Version);Data;One In a Million - EP;27/04/2009;338779;12;lectrofox - filter ho;DATA - One In A Million (Club Mix);https://www.youtube.com/watch?v=-ajxU2QnGRo;True
Couldn't Have Known;!!!;Wallop;30/08/2019;215111;0;eo-synthpop - new rave - dance rock - sacramento indie - dance-punk - alternative da;!!! (Chk Chk Chk) - Couldn't Have Known;https://www.youtube.com/watch?v=nSzCG2xeUMw;True
engravings;Ethan Bortnick;engravings;24/06/2022;173466;0;;Ethan Bortnick - engravings (Official Video);https://www.youtube.com/watch?v=7xWVhAOd-6U;True
Nightshade;Blood Orchid;Nightshade;02/12/2019;152920;34;;Nightshade;https://www.youtube.com/watch?v=0FIcDJYmDUI;True
All Stars;Grafton Primary;Eon;13/09/2008;263960;30;ew rave - alternative da;All Stars - Grafton Primary;https://www.youtube.com/watch?v=rXijEFrHQkg;True
I DON'T CARE;Park Hye Jin;IF U WANT IT;13/12/2018;340660;41;orean dream ;I DON'T CARE;https://www.youtube.com/watch?v=mJGip45aye4;True
IF U WANT IT;Park Hye Jin;IF U WANT IT;13/12/2018;226341;27;orean dream ;IF U WANT IT (official audio);https://www.youtube.com/watch?v=9Vs8tKXCqaM;True
Come Check This;FETISH;Come Check This;2020;191904;49;;FETISH - Come Check This;https://www.youtube.com/watch?v=ZLtACqqXjts;True
The Perfect Girl;Mareux;The Perfect Girl;08/12/2021;194423;76;ark synth;Mareux - The Perfect Girl (Official Music Video);https://www.youtube.com/watch?v=q7qdpyjHyNk;True
Spaceship;Soto Asa;Spaceship;06/10/2022;188923;26;rbano espa;Soto Asa - Spaceship (Videoclip);https://www.youtube.com/watch?v=A2vyQ9zziqk;True
I Took A Pill In Ibiza - Seeb Remix;Mike Posner Seeb;At Night Alone.;06/05/2016;197933;62;ance pop - pop - pop rap - pop da;Mike Posner - I Took A Pill In Ibiza (Seeb Remix) (Explicit);https://www.youtube.com/watch?v=foE1mO2yM04;True
Fluorescent;Pet Shop Boys;Electric;15/07/2013;374805;0;ew wave pop - synthpop - dance rock - new romantic - new wave - permanent w;Pet Shop Boys - Fluorescent (Audio);https://www.youtube.com/watch?v=mQlS5iprNRU;True
Stop Taking My Time;Club 8;Above the City;01/01/2013;170786;7;wedish indie ;"Club 8 ""Stop Taking My Time""";https://www.youtube.com/watch?v=oG6qtjvjrdI;True
I'm Good (Blue);David Guetta Bebe Rexha;I'm Good (Blue);26/08/2022;175238;85;dm - dance pop - pop - big room - pop da;David Guetta & Bebe Rexha - I'm Good (Blue) [Official Music Video];https://www.youtube.com/watch?v=90RLzVUuXe4;True
Don't You Worry Child - Radio Edit;Swedish House Mafia John Martin;Don't You Worry Child;14/09/2012;212862;78;op dance - progressive electro house - pop edm - ;Swedish House Mafia ft. John Martin - Don't You Worry Child (Official Video);https://www.youtube.com/watch?v=1y6smkh6c-0;True
On My Knees;RUFUS DU SOL;Surrender;21/10/2021;261001;68;ustralian electropop - indietron;RUFUS DU SOL - On My Knees (Official Music Video);https://www.youtube.com/watch?v=y7fudcFIlZs;True
People & Machines;Digitalism;People & Machines;14/10/2022;299935;8;lectronica - indietronica - neo-synthpop - new rave - dance-punk - alternative da;Digitalism - People & Machines;https://www.youtube.com/watch?v=E1c2d5z1Ccc;True
Double Bass;Gorillaz;Gorillaz;26/03/2001;286933;42;odern rock - alternative hip hop - r;Gorillaz - Double Bass - Gorillaz;https://www.youtube.com/watch?v=_ONnnlhrM-g;True
Dreamscape;009 Sound System;009 Sound System;2010;277489;48;ream tra;Trance - 009 Sound System Dreamscape (HD);https://www.youtube.com/watch?v=TKfS5zVfGBc;True
You Were Right;RUFUS DU SOL;Bloom;22/01/2016;239417;46;ustralian electropop - indietron;RUFUS DU SOL You Were Right [Official Video];https://www.youtube.com/watch?v=Gp-lWgUDcKk;True
Stamina;Vitalic;Rave Age;05/11/2012;222426;41;ilter house - electronica - electrofox - electroclash - french tec;"Vitalic - ""Stamina"" (Official Video)";https://www.youtube.com/watch?v=UK-lGSYKaaM;True
Boxer - Exclusive to This Product;Crookers;From Then Until Now;29/10/2012;245500;28;idget ho;Crookers - Boxer (Exclusive to This Product);https://www.youtube.com/watch?v=ZJXJeQJqS0o;True
1992;No_4mat;1992;16/11/2018;404998;45;;no 4mat 1992;https://www.youtube.com/watch?v=BpZ2s1BrLHI;True
Game Over;ALEX Rachel Mcalpine;SIMULATIONS;01/09/2018;238802;35;yberpunk - darksynth - synthw;ALEX - Game Over (feat. Rachel McAlpine);https://www.youtube.com/watch?v=4-fBDBYLVzY;True
Alicia - Single Version;M|O|O|N;Alicia;07/03/2017;568652;22;ynthw;M.O.O.N - Alicia (Single Version);https://www.youtube.com/watch?v=jjWGkpfUbCI;True
Navy Light - 4am Mix;Labyrinth Ear;Oak;08/03/2010;286305;40;rave wave - dark synth;Navy Light (4am Mix);https://www.youtube.com/watch?v=ucJ5879j91k;True
Get It Up;Sensity World;Sonido De Valencia 1990-1999;09/11/2009;332733;25;akina - ruta dest;Sensity World - Get It Up;https://www.youtube.com/watch?v=A9xkdAQ3IeE;True
Flying Free - 20th Anniversary - Extended Version;Dj Skudero Xavier Metralla Marian Dacal;Flying free (20th Anniversary);29/11/2019;378374;17;ak;Flying Free (20th Anniversary - Extended Version);https://www.youtube.com/watch?v=iERx93ghab4;True
Down Under (feat. Colin Hay);Luude Colin Hay;Down Under (feat. Colin Hay);19/11/2021;158774;60;ussietronica - solo w;Luude - Down Under (Feat. Colin Hay) (Official Music Video);https://www.youtube.com/watch?v=I1xneKsFArY;True
No Fun;Armin van Buuren The Stickmen Project;Feel Again Pt. 1;10/06/2022;130412;33;dm - dutch house - progressive house - dutch trance - pop dance - tra;Armin van Buuren x The Stickmen Project - No Fun (Official Lyric Video);https://www.youtube.com/watch?v=tA0Tce1V4vM;True
Go Crazy;Imanbek Lil Xan KDDK;Go Crazy;17/12/2021;160639;30;lectro house - cloud rap - pop dance - slap ho;Imanbek Lil Xan KDDK - Go Crazy (Official Music Video);https://www.youtube.com/watch?v=HdfccmrFlrs;True
Where I Want 2 B;CID;Where I Want 2 B;13/08/2021;201908;17;op edm - edm - electro house - uk dance - dutch house - deep groove house - bass house - progressive house - tech house - progressive electro house - house - pop da;Where I Want 2 B;https://www.youtube.com/watch?v=fWeku_jH-ts;True
I See U;Jend;I See U;05/02/2021;154409;30;tutter ho;I See U;https://www.youtube.com/watch?v=XX5M_G6WV8I;True
Lick It;Kaskade Skrillex;Fire & Ice;08/11/2011;214402;0;omplextro - edm - brostep - electro house - vocal house - progressive house - electro - progressive electro house - pop da;Kaskade & Skrillex - Lick It (Official Video);https://www.youtube.com/watch?v=DrZhmr_0Wpo;True
Supersonic (My Existence) [with Noisia; josh pan & Dylan Brady];Supersonic (My Existence) [with Noisia josh pan & Dylan Brady];10/06/2021;167253;56;omplextro - deep dnb - edm - brostep - proto-hyperpop - dutch dnb - neurofunk - breakbeat - electro - drum and bass - vapor twitch - hyperpop - pop da;Skrillex Noisia josh pan & Dylan Brady - Supersonic (My Existence) [Official Audio];https://www.youtube.com/watch?v=U41bONK2V-U;True
Summit (feat. Ellie Goulding);Skrillex Ellie Goulding;Bangarang EP;27/12/2011;373986;55;omplextro - uk pop - edm - brostep - indietronica - pop - electro - metropopolis - pop da;Skrillex - Summit (feat. Ellie Goulding) [Video by Pilerats];https://www.youtube.com/watch?v=-e_3Cg9GZFU;True
Rumble;Skrillex Fred again.. Flowdan;Rumble;04/01/2023;146571;59;omplextro - edm - brostep - stutter house - grime - electro - house - pop da;Skrillex Fred again.. & Flowdan - Rumble [Official Audio];https://www.youtube.com/watch?v=7z25ZZ3DHds;True
Try It Out (with Alvin Risk) - Neon Mix;Skrillex Alvin Risk;Recess;14/03/2014;229213;51;omplextro - edm - brostep - electro house - electro - pop dance - moombah;SKRILLEX + ALVIN RISK - TRY IT OUT (NEON MIX);https://www.youtube.com/watch?v=-iQRaZje0RA;True
Leave Me Like This;Skrillex Bobby Raps;Leave Me Like This;18/01/2023;188571;43;omplextro - edm - brostep - electro - pop da;Skrillex with Bobby Raps - Leave Me Like This;https://www.youtube.com/watch?v=4MQQCFaV2fM;True
Face My Fears (English Version);Hikaru Utada Skrillex;Face My Fears;18/01/2019;222013;50;omplextro - japanese singer-songwriter - edm - brostep - j-pop - anime - electro - pop dance - classic j-;Hikaru Utada Skrillex - Face My Fears (English Version);https://www.youtube.com/watch?v=XtK50cbCAdk;True
MANDALORIANO;John Pollon Los Jackson 4;MANDALORIANO;03/02/2023;178500;34;rbano espa;MANDALORIANO;https://www.youtube.com/watch?v=txle3NMn7LQ;True
Asa Pary;Soto Asa rjmussic;Remixxxtape;10/03/2023;125035;25;rbano espa;Soto Asa & rjmussic - Asa Pary;https://www.youtube.com/watch?v=BRfeE-Sx0F8;True
Smartphone (Remix);Soto Asa rjmussic La Zowi;Remixxxtape;10/03/2023;145560;32;rbano espanol - rap lat;Soto Asa & rjmussic - Smartphone (Remix) (ft. La Zowi);https://www.youtube.com/watch?v=KppkiiSj9Fs;True
Flex (Remix);Soto Asa rjmussic;Remixxxtape;10/03/2023;160004;17;rbano espa;Flex (Remix);https://www.youtube.com/watch?v=bXVjjGzxIdg;True
Stupid Sweg;Soto Asa rjmussic;Remixxxtape;10/03/2023;132923;19;rbano espa; Stupid Sweg ;https://www.youtube.com/watch?v=BkIOrr1Kd3g;True
El Apagon;Bad Bunny;Un Verano Sin Ti;06/05/2022;201816;65;eggaeton - trap latino - urbano lat;Bad Bunny - El Apagon;https://www.youtube.com/watch?v=QdQEljUMCEM;True
Umi - Remix;Parkineos Rojuu;Bitter Glitter (Remix);15/01/2022;181879;0;ap regio - urbano espa;Rojuu - Umi (Parkineos Remix) [OFFICIAL LYRICS VIDEO];https://www.youtube.com/watch?v=4xI_Fk9opAU;True
praise the lord tekkno - Remix;Muppet DJ SECA Records;praise the lord tekkno (Remix);20/01/2023;327629;0;umbia 420 - sped;;;False
SUPERNOVA;SAIKO;SUPERNOVA;19/04/2023;190909;59;rbano espanol - urbano latino - trap lat;SAIKO - SUPERNOVA (Official Video) | SAKURA;https://www.youtube.com/watch?v=BbZi8xGMyuM;True
Paso de Entrar;Jarfaiter Parkineos;Paso de Entrar;10/12/2022;228379;42;rbano espa;Jarfaiter x @parkineos  - PASO DE ENTRAR;https://www.youtube.com/watch?v=RyjZBrWlXPQ;True
se que no debo;Orslok;se que no debo;24/09/2021;129453;43;yperpop en espa;orslok - se que no debo;https://www.youtube.com/watch?v=zLqeGiTJLKg;True
Tofu Delivery;Orslok Rojuu;Tofu Delivery;29/10/2021;184000;47;ap regio - urbano espanol - hyperpop en espa;orslok rojuu - tofu delivery;https://www.youtube.com/watch?v=wxKBvF2pS_A;True
Casa Kira;Carolina Durante Orslok;Casa Kira;14/09/2022;234147;44;ontipop - spanish modern rock - hyperpop en espanol - spanish indie ;Carolina Durante Orslok - Casa Kira;https://www.youtube.com/watch?v=49ISq1mbJ6k;True
Xanadu;Ummet Ozcan;Xanadu;11/08/2022;229926;57;dm - electro house - dutch house - big room - progressive electro house - pop da;Ummet Ozcan - Xanadu (Mongolian Techno);https://www.youtube.com/watch?v=9uMtnH7cABg;True
Marianela (Que Pasa) - Extended Mix;HUGEL Merk & Kremont Lirico En La Casa;Marianela (Que Pasa);25/11/2022;247862;34;lectro house - sky room - dutch house - rap dominicano - progressive electro house - dembow - deep ho;HUGEL Merk Kremont Lirico En La Casa - Marianela (Que Pasa) [Lyrics Video];https://www.youtube.com/watch?v=CEi5COj_QyA;False
This Feeling;Noisestorm;This Feeling;11/07/2016;261818;43;peedrun - dancefloor dnb - gaming ;[Electro] - Noisestorm - This Feeling [Monstercat Release];https://www.youtube.com/watch?v=eeKjgkveAh0;True
Synrise - Soulwax Remix;GOOSE Soulwax;Synrise (10 Year Anniversary Edition);22/10/2020;222270;38;ilter house - belgian indie rock - electronica - ghent indie - belgian rock - belgian electronic - dance-punk - belgian indie - alternative dance - mas;Goose - Synrise (Soulwax remix)  [HQ - full version];https://www.youtube.com/watch?v=nyC2ZzexEVk;True
Dragostea din tei;O-Zone;DiscO-Zone;23/02/2004;215386;68;urodance - moldovan pop - euro;O-Zone - Dragostea Din Tei [Official Video];https://www.youtube.com/watch?v=YnopHCL1Jk8;True
FLEXXXXXXXXX;Soto Asa Marvin Cruz;Flexxxxxxxxx;21/11/2019;144923;27;rbano espa;Soto Asa - FLEXXXXXXXXX (Videoclip);https://www.youtube.com/watch?v=HvU_2AgS3ns;True
Ascension (feat. Vince Staples) - Nic Fanciulli Remix;Gorillaz Vince Staples Nic Fanciulli;Ascension (feat. Vince Staples) [Nic Fanciulli Remix];07/04/2017;369250;27;odern rock - deep disco house - rock - underground hip hop - conscious hip hop - alternative hip hop - tribal house - tech house - minimal techno - rap - hip hop - ho;Gorillaz - Ascension (Nic Fanciulli Remix);https://www.youtube.com/watch?v=CNBZYSedvG0;True
DARE - Dare Refix;Gorillaz;DARE;26/08/2005;321282;16;odern rock - alternative hip hop - r;DARE (Dare Refix);https://www.youtube.com/watch?v=rd-G1rPqO6c;False
One Kiss (with Dua Lipa);Calvin Harris Dua Lipa;One Kiss (with Dua Lipa);06/04/2018;214846;77;k pop - edm - electro house - uk dance - dance pop - pop - progressive house - ho;Calvin Harris Dua Lipa - One Kiss (Official Video);https://www.youtube.com/watch?v=DkeiKbqa02g;False
Memories - Extended Mix;Eden Prince Non;Memories;26/06/2020;282255;24;k dance - dance ;;;False
Siscodelia;Reina Mora;Siscodelia;29/11/2022;304230;7;;Reina Mora - SISCODELIA;https://www.youtube.com/watch?v=LLoFt7UZTVA;False
President;Reina Mora dudi J;President;25/08/2022;213353;8;;President;https://www.youtube.com/watch?v=PqzSrLZNvZA;False
Chimix;Reina Mora;Chimix;23/08/2021;288000;10;;Reina Mora - CHIMIX ;https://www.youtube.com/watch?v=Jz9DeiBGJ50;False
por no llorar - Hotprima Remix;Sofia Amores Hotprima;por no llorar (Hotprima Remix);12/05/2023;128000;3;onti;;;False
Smooth Operator - House Version;puremind;Smooth Operator (House Version);12/06/2023;226182;0;ym hardst;Sade - Smooth Operator (Remix House) (Lyrics);https://www.youtube.com/watch?v=cZtSLm07cjQ;False
Lost;RSCL it's murph Twin Diplomacy Jack August;Lost;04/11/2022;153182;73;tutter ho;Twin Diplomacy feat. Jack August - Lost (Deep House / Tech House);https://www.youtube.com/watch?v=ZPygRnFfDg4;False
Ke No Me Vean;Soto Asa Chico Blanco;Blanco y Nueve Mix;04/11/2021;274278;20;rbano espa;Chico Blanco Soto Asa - Ke No Me Vean;https://www.youtube.com/watch?v=M2Qbti4m3JU;False
3 Katas;Soto Asa Chico Blanco;Blanco y Nueve Mix;04/11/2021;245833;33;rbano espa;Chico Blanco  Soto Asa - 3 Katas;https://www.youtube.com/watch?v=86a6F2Q2kr4;False
Quiero Irme a Casa;9ckles;Quiero Irme a Casa;26/01/2020;115200;32;yperpop en espa;Quiero Irme a Casa;https://www.youtube.com/watch?v=darl9Nq6nG8;False
Ill Pekeno - Fugitivo Vol. 11 - Remix;Rico Rosa Ill Pekeno;FUGITIVO (SEASON 1);29/07/2022;153070;37;ap underground espanol - urbano espanol - spanish hip hop - boom bap espanol - hyperpop en espa;ILL Pekeno x Rico Rosa | Fugitivo Vol. 11;https://www.youtube.com/watch?v=rYVxLmAgNoc;False
Veinte Metros (Y Fin);Rodol VX Nerve Agent;Autosabotaje;26/03/2021;226729;7;;Veinte Metros (Y Fin);https://www.youtube.com/watch?v=EZ4fUIjKjAs;False
NO ESTOY;Kinder Malo;NO ESTOY;18/05/2023;153901;17;rbano espa;3. KINDER MALO - NO ESTOY (VIDEO OFICIAL);https://www.youtube.com/watch?v=c0E_6kiP39Y;False
Amoeba;Adolescents;Adolescents;1981;186626;52;unk - hardcore p;Amoeba;https://www.youtube.com/watch?v=k2JFpfTPHvo;False
Toro (Andre VII Remix);El Columpio Asesino Andre VII;Toro (Andre VII Remix);10/06/2022;431673;8;exican edm - mexican techno - spanish indie ;El Columpio Asesino - Toro (Andre VII Remix);https://www.youtube.com/watch?v=ZgUq6Zo9bnQ;False
Toro (DJ Nano Remix);El Columpio Asesino DJ Nano;Toro (DJ Nano Remix);26/05/2023;323636;1;panish indie ;El Columpio Asesino - Toro (Dj Nano remix);https://www.youtube.com/watch?v=CDSV-d2lPNA;False
Salma Hayek;WARGASM (UK);EXPLICIT: The MiXXXtape;09/09/2022;219640;37;;Salma Hayek;https://www.youtube.com/watch?v=mUxCrwvDF_A;False
Do It So Good;WARGASM (UK);Do It So Good;14/07/2023;202466;34;;WARGASM - Do It So Good (Official Music Video);https://www.youtube.com/watch?v=GEyBFg3E_dI;False
D.R.I.L.D.O;WARGASM (UK);EXPLICIT: The MiXXXtape;09/09/2022;192226;35;;D.R.I.L.D.O;https://www.youtube.com/watch?v=c_1hPNQfSpQ;False
Fine Day Anthem;Skrillex Boys Noize Opus III;Fine Day Anthem;07/07/2023;193690;63;omplextro - filter house - hip house - edm - brostep - ambient house - electro house - new rave - hardcore techno - german techno - fidget house - dream trance - dance-punk - german dance - electro - alternative dance - pop da; Skrillex Boys Noize - Fine Day Anthem (Official Audio);https://www.youtube.com/watch?v=wTR-ScwmOXI;False
NO ESTOY;Kinder Malo;NO ESTOY;18/05/2023;153901;17;rbano espa;3. KINDER MALO - NO ESTOY (VIDEO OFICIAL);https://www.youtube.com/watch?v=c0E_6kiP39Y;False
Keygen;Parkineos;Keygen;17/03/2023;207984;15;;Parkineos - Keygen [KEYGEN EP];https://www.youtube.com/watch?v=-CyleU0OlRo;False
Baby;Soto Asa;Baby;06/04/2018;141598;18;rbano espa;Soto Asa - Baby (VIDEO);https://www.youtube.com/watch?v=IeSHCCP4joU;False
PUEDES CONTAR CONMIGO;Mari­a Escarmiento BLNCO detunedfreq;PUEDES CONTAR CONMIGO;28/10/2022;154688;47;yperpop en espanol - latin talent s;;;False
ALTERAWARE;Nevo Angel Faxu Chef C;ALTERAWARE;28/02/2023;168000;12;yperpop en espa;;;False
bagoas de cocodrilo (Galician Army) - Remix;Berto Galician Army;bagoas de cocodrilo (Galician Army) [Remix];08/12/2022;277500;4;al;;;False
xq tan wapa tu?;Delgao Mari­a Escarmiento KICKBOMBO;xq tan wapa tu?;05/04/2023;182400;35;ap espanol - latin talent s;;;False
TU SI K TA LOKO;TAICHU;TU SI K TA LOKO;10/11/2022;170095;26;rap argent;TAICHU - TU SI K TA LOKO (VIDEO OFICIAL);https://www.youtube.com/watch?v=s1OBa0PtiFE;False
Supernova;Leftee Nach000;Supernova;03/03/2023;196959;7;yperpop en espa; Nach000 - Supernova (Videoclip);https://www.youtube.com/watch?v=CBfdX55V60s;False
TESTIMU MoOoLT / DESTRUIR;xicu Teuma Thug;TESTIMU MoOoLT / DESTRUIR;21/04/2023;169765;10;rap catala - musica catalana - indie cat;xicu ft. Teuma Thug - TESTIMU MoOoLT / DESTRUIR (videolyric);https://www.youtube.com/watch?v=wSVRp8sQqTk;False
Play Doh;LUNA KI Pablo Escobarras Limabeatz;Play Doh;14/04/2023;204046;20;rbano espa;LUNA KI Pablo Escobarras - Play Doh (Official Music Video);https://www.youtube.com/watch?v=odLUO-PZKj8;False
PUNKY WHAT;Intendente CA7RIEL;PUNKY WHAT;31/03/2023;201585;11;rgentine indie - trap argentino - electronica argent;PUNKY WHAT - INTENDENTE FT CA7RIEL;https://www.youtube.com/watch?v=VTU5zwJJC2M;False
Saturday Love;Matroda Dino DZ;Saturday Love;07/04/2023;141120;55;lectro house - tech house - bass ho;Matroda - Saturday Love (with Dino DZ) | Insomniac Records;https://www.youtube.com/watch?v=WIUrc2ablC4;False
Give It To Me - Full Vocal Mix;Matt Sassari;Give It To Me (Full Vocal Mix);22/10/2021;102860;80;rench tech house - tech house - french tec;Matt Sassari - Give It to Me - Full Vocal Mix;https://www.youtube.com/watch?v=rapOi7-_CHE;False
LES CHORISTES - (TECHNO);BASSTON STRBE;LES CHORISTES - (TECHNO);11/08/2023;154285;36;echno re;LES CHORISTES - (TECHNO)BASSTON STRBE;https://www.youtube.com/watch?v=si0NesRjWwI;False
Esto No Es Berli­n;Intendente;Bruto;2021;264878;9;;;;False
Control;Emmit Fenn;The Last Dance;28/03/2019;170004;64;hill house - vapor s;Emmit Fenn - Control;https://www.youtube.com/watch?v=HbngJ5ozFrA;False
Vente Conmigo;Pimp Flaco;Mmmua;14/07/2023;164285;36;rbano espa;Pimp Flaco - Vente Conmigo;https://www.youtube.com/watch?v=edFsIj7wW1w;False
Electricity;DubVision Otto Knows Alex Aris;Electricity;19/08/2022;154285;55;dm - electro house - dutch house - progressive house - big room - progressive electro house - pop da;DubVision Otto Knows Alex Aris - Electricity;https://www.youtube.com/watch?v=hkHt1Q-x1Yw;False
Teknocity;Parkineos Amygdala Erra;Teknocity;18/08/2023;260592;52;;;;False
Skinny Ape;Gorillaz;Cracker Island;24/02/2023;281258;48;odern rock - alternative hip hop - r;Gorillaz - Skinny Ape (Official Lyric Video);https://www.youtube.com/watch?v=D8tjuP_nq5I;False
Acid Shoes;Amygdala;ACID SHOES;18/01/2023;324916;35;;ACID SHOES - AMYGDALA;https://www.youtube.com/watch?v=8kOoTVPXdxo;False
Ella Sabe;Amygdala;Ella Sabe;07/07/2021;229528;43;;ELLA SABE _ AMYGDALA;https://www.youtube.com/watch?v=iFq_DMnqTH4;False
Zapatillas;Amygdala;Zapatillas;31/08/2023;218571;43;;ZAPATILLAS (AMYGDALA KOVER);https://www.youtube.com/watch?v=awdYrvQboi8;False
Vink Derrapant;Amygdala;XX;21/02/2022;203385;29;;VINK DERRAPANT - AMYGDALA feat. ERRA;https://www.youtube.com/watch?v=hhic04blPjw;False
Bombo;Amygdala;Bombo;14/09/2021;289562;34;;AMYGDALA - BOMBO;https://www.youtube.com/watch?v=aoKSVAhXEzk;False
Mzmz (Tek);Hofe 4:40;Amodioa;30/03/2022;158215;34;;HOFE X 4:40 - MzMz(Tek);https://www.youtube.com/watch?v=jA0vH3KVOuU;False
Sad - I'm blue remix;Pau By Chance Octopvs To The Party;Sad (I'm blue remix);05/05/2022;132151;30;yperpop en espa;PauByChance Octopvs To The Party- Sad (I`m blue remix);https://www.youtube.com/watch?v=BsU9rqCAkMo;False
DORITOS;TRISTAn! Teo Lucadamo;DORITOS;21/04/2023;92307;2;;;;False
This Is The Life;LIZOT KYANU;This Is The Life;13/10/2023;131388;70;ig room - hypertechno - german dance - slap ho;LIZOT x KYANU - This Is The Life (Lyric Video);https://www.youtube.com/watch?v=zKyQXt2Db_g;False
ACID;Hardwell Maddix Luciana;ACID;05/05/2023;181333;59;dm - electro house - hypertechno - dutch house - dance pop - progressive house - big room - progressive electro house - pop da; Maddix feat. Luciana - ACID (Official Visualizer);https://www.youtube.com/watch?v=I8Q7pSzbOeE;False
MONEY ON THE DASH - SPED UP;Elley Duh Whethan;MONEY ON THE DASH;20/01/2023;116465;76;lt z - electropop - rage rap - hyper;;;False
My Gasoline;Maddix Fs;My Gasoline;18/08/2023;236999;63;ig room - hypertec;;;False
brillan las estrellas;Mari­a Escarmiento Fran Laoren detunedfreq;SENSACION DE CALOR;16/06/2023;177536;26;rbano espanol - hyperpop en espanol - latin talent s;;;False
QUE MAS DA;Xenia Margarita Quebrada;QUE MAS DA;07/07/2023;153333;27;;;;False
fireflies;detunedfreq;fireflies;16/10/2023;205241;16;yperpop en espa;fireflies;https://www.youtube.com/watch?v=pyQqIbsAwU8;False
QUE MAS DA;Xenia Margarita Quebrada;QUE MAS DA;07/07/2023;153333;27;;;;False
El Reloj;Dafresito LocoAlien;199X;03/12/2021;120322;28;rbano espanol - hyperpop en espanol - emo trap en espa;DAFRESITO - EL RELOJ (VIDEO OFICIAL);https://www.youtube.com/watch?v=DDCFjK_IfE4;False
Hallo Polizei;Jessovski Fixed withGlue;Hallo Polizei;24/11/2023;122138;37;;Jessovski x Fixed withGlue - Hallo Polizei;https://www.youtube.com/watch?v=dfUudb2ol38;False
Heart Blood Beat;Reptile Youth;Reptile Youth;24/09/2012;216894;12;anish alternative r;Reptile Youth: Heart Blood Beat;https://www.youtube.com/watch?v=12TTCotrv9Q;False
Finale House Kick Long 08;Luigi Finale;Kick it;14/06/2018;96000;20;;Finale House Kick Long 08;https://www.youtube.com/watch?v=4Ma3wcaYV8k;False
PUNK;Flashy Ice Cream Sr. Chen;HANGOVER;18/02/2022;219129;8;usica catalana - trap catala - rap cat;PUNK - FLASHY ICE CREAM &amp;https://www.youtube.com/watch?v=zo3agL_pgx0;False
Extasis;Millonario & W. Corona Cartel De Santa;Asi Soy Yo;17/01/2012;289013;71;atin hip hop - mexican hip ;;;False
Lol;Los Ganglios;Lubricante;29/09/2014;189053;16;panish synthpop - indie extrem;LOL - Los Ganglios;https://www.youtube.com/watch?v=kTy1x5b6puo;False
La Carretera (VVV Crash Team Raving Remix);Triangulo de Amor Bizarro VVV [Trippin'you];La Carretera (VVV Crash Team Raving Remix);15/11/2023;268347;0;panish post-punk - indie canario - galician rock - spanish indie pop - spanish shoegaze - spanish noise pop - spanish modern r;.;.;False
Satan Was A Babyboomer;Brutalismus 3000;Satan Was A Babyboomer;16/04/2021;427000;58;u gab;Satan Was A Babyboomer;https://www.youtube.com/watch?v=I2UV_21GuA8;False
444 (La senal);Xina Mora Fectro Xema Fuentes;444 (La senal);16/06/2023;176352;45;;;;False
Maribou State - Wallflower (Broken Lip EDIT);Broken Lip;Gazpachuelo (VOL.1);19/01/2022;268714;12;lamenco electron;Maribou State - Wallflower (Broken Lip EDIT);https://www.youtube.com/watch?v=mE7-sAM2UOU;False
Horse;Salvatore Ganacci;Horse;17/04/2019;173588;47;asshall - moombah;Salvatore Ganacci - Horse (Official Music Video);https://www.youtube.com/watch?v=NkRkuI0ZgX0;False
We Were Late To The Party;Xhulotek Mama Lavanda;We Were Late To The Party;04/04/2022;206769;7;cidc;;;False
APARTA;Amygdala Iced Coffeeboy;APARTA;06/10/2023;187692;31;;APARTA - AMYGDALA ;https://www.youtube.com/watch?v=-uZHBeYtii4;False
Ay K Emocion - YUNG PRADO Remix;Chill Mafia Records YUNG PRADO;Ay Ke Emocion (Yung Prado Remix);14/10/2021;266180;34;uskal reg;Ay K Emocion (YUNG PRADO Remix);https://www.youtube.com/watch?v=Hjs2voXdnYo;False
Tech Love (Otra Vez);Chico Blanco;Life After House;15/02/2019;327597;0;rbano espa;CHICO BLANCO - TECH.LOVE (OTRA VEZ);https://www.youtube.com/watch?v=Mb6s5e4M0-c;False
Bad Girls Need Love Too - Extended Version;The Toxic Avenger;Bad Girls Need Love Too;17/10/2008;294545;40;lectro house - filter ho;Bad Girls Need Love Too - Extended Version;https://www.youtube.com/watch?v=IoTnrf95M-s;False
Deva - Fugitivo Vol. 6 - Remix;Rico Rosa DEVA;FUGITIVO (SEASON 1);29/07/2022;146134;33;rbano espanol - hyperpop en espa;Deva - Fugitivo Vol. 6 (Remix);https://www.youtube.com/watch?v=xTQMX8Ckw54;False
Romantika;Brutalismus 3000;Eros Massacre;29/04/2022;250145;61;u gab;Romantika;https://www.youtube.com/watch?v=jtRV9DWKTKo;False
Muchos Hijos Un Mono y Un Castillo;Claudio Montana;Muchos Hijos Un Mono y Un Castillo;06/05/2020;92029;42;rbano espa;Muchos hijos un mono y un castillo - Claudio Montana;https://www.youtube.com/watch?v=yBNRBF1QmOI;False
Kiero K Me Kieras;SoFTT;Kiero K Me Kieras;31/05/2023;223098;30;;SoFTT - Kiero K Me Kieras (Official Video);https://www.youtube.com/watch?v=aPPytiCbw8Y;False
Outlaw - Melodic Techno Extended Mix;Intelligency;Outlaw;09/06/2023;306555;6;elarusian in;Outlaw (Melodic Techno Extended Mix);https://www.youtube.com/watch?v=SvRUWfioACw;False
Take A Step Back;Dr. Fresch Marten Herger;Take A Step Back;06/11/2020;160000;53;lectro house - tech house - bass ho;;;False
Rolling with the Bassline;Venjent;Rolling with the Bassline;15/02/2024;143448;23;;Venjent - Rolling with the Bassline (Official Music Video);https://www.youtube.com/watch?v=DBtkRSs-4f8;False
It's That Time;Marlon Hoffstadt DJ Daddy Trance;It's That Time;21/04/2023;240250;65;eep euro ho;It's That Time;https://www.youtube.com/watch?v=h4F9oZ0NINc;False
Fleece;Crystal Castles;Amnesty (I);19/08/2016;155106;50;intendocore - bitpop - indietronica - neo-synthpop - new rave - digital hardcore - alternative da;Crystal Castles - Fleece;https://www.youtube.com/watch?v=GfB4BQQcoKM;False
Char;Crystal Castles;Amnesty (I);19/08/2016;188333;62;intendocore - bitpop - indietronica - neo-synthpop - new rave - digital hardcore - alternative da;CRYSTAL CASTLES - CHAR   --official;https://www.youtube.com/watch?v=CnqzIYZR1GA;False
Pap Smear;Crystal Castles;Crystal Castles (II);01/01/2010;222946;51;intendocore - bitpop - indietronica - neo-synthpop - new rave - digital hardcore - alternative da;Crystal Castles - Pap Smear;https://www.youtube.com/watch?v=dGsdg2YYTCY;False
Mother Knows Best - 2004 Version;Crystal Castles;Celestica;01/01/2010;121366;40;intendocore - bitpop - indietronica - neo-synthpop - new rave - digital hardcore - alternative da;Mother Knows Best (2004 Version);https://www.youtube.com/watch?v=Nrn-vgLk_P8;False
Kerosene;Crystal Castles;(III);01/01/2012;192000;71;intendocore - bitpop - indietronica - neo-synthpop - new rave - digital hardcore - alternative da;Kerosene;https://www.youtube.com/watch?v=qR2QIJdtgiU;False
Not In Love - Radio Version;Crystal Castles Robert Smith;(II);01/01/2011;226986;56;intendocore - bitpop - indietronica - neo-synthpop - new rave - digital hardcore - alternative da;Crystal Castles - Not In Love ft. Robert Smith of The Cure;https://www.youtube.com/watch?v=32udqal_lyQ;False
Soy un Alien;John Pollon;Soy un Alien;26/01/2024;147391;32;rbano espa;;;False
Es la forma que tienes de ocultar algo que hay en tu mente;Aiko el grupo Axolotes Mexicanos;Me estan apuntando con un arma;06/10/2023;151065;34;ontipop - spanish noise ;AIKO EL GRUPO feat. AXOLOTES MEXICANOS - Es la forma que tienes de ocultar algo que hay en tu mente;https://www.youtube.com/watch?v=6AX1USZPkYs;False
ROCKETPOWERS;Dillom Saramalacara;POST MORTEM;01/12/2021;188238;57;rap argent;DILLOM SARAMALACARA - ROCKETPOWERS (Version Legal);https://www.youtube.com/watch?v=PAzon8ZFNRU;False
OPA;Dillom;POST MORTEM;01/12/2021;169824;60;rap argent;DILLOM - OPA (Videoclip Oficial);https://www.youtube.com/watch?v=TL13-B-mMjI;False
Warra;VAN17INO6 Chico Blanco;ER PATIO LOS NEONES;09/07/2021;185335;1;rbano espa;VAN17INO6 ft. Chico Blanco - Warra;https://www.youtube.com/watch?v=-1D4gVB2cUQ;False
TODOS LOS DIAS;Chico Blanco GAZZI;TODOS LOS DIAS;22/03/2024;236552;23;rbano espanol - experimental c;TODOS LOS DIAS;https://www.youtube.com/watch?v=vFezWjLU82Q;False
Ojala (feat. Chico Blanco);C. Tangana Chico Blanco;Bien;14/05/2020;180866;39;rbano espa;C. Tangana - Ojala (Audio) ft. Chico Blanco;https://www.youtube.com/watch?v=PokpuVY3cs8;False
Cadillac;Chico Pablo Chico Blanco;Cadillac;22/03/2023;233201;28;rbano espa;Cadillac;https://www.youtube.com/watch?v=dfGbvt1UyK8;False
WTF Is In My Cup;Chico Blanco;WTF Is In My Cup;04/06/2018;267000;28;rbano espa;CHICO BLANCO - WTF IS IN MY CUP;https://www.youtube.com/watch?v=aneT9MCQfVU;False
Q NO;Chico Blanco;FOREVER 21 (VOL.1);04/10/2023;225333;17;rbano espa;Q NO;https://www.youtube.com/watch?v=JU3IWir6Yxc;False
El Sonidito;Hechizeros Band;El Sonidito;01/01/2008;199893;46;uranguense - tecnoba;Hechizeros Band - El Sonidito;https://www.youtube.com/watch?v=x47NYUbtYb0;False
Caramelo House (Otro Lado);Chico Blanco;Caramelo House (Otro Lado);06/03/2020;255230;0;rbano espa;Caramelo House (Otro Lado);https://www.youtube.com/watch?v=fK-3LlWe8nw;False
mevoyadormir;Chico Blanco;mevoyadormir;19/04/2023;297391;17;rbano espa;Chico Blanco - mevoyadormir;https://www.youtube.com/watch?v=3q-LOnZx6J0;False
AY :P;8kitoo Chico Blanco;AY :P;25/02/2021;251831;26;rbano espa;Chico Blanco 8kitoo - AY :P;https://www.youtube.com/watch?v=UdrxWo3q9hc;False
And Dance;Sharif Laffrey;And Dance;13/04/2018;848015;24;etroit ho;And Dance;https://www.youtube.com/watch?v=IlGX8OoU9_M;False
Falkor's Return;Indecorum;Sanctus;03/05/2020;180000;50;ard techno - nu gab;Falkors Return;https://www.youtube.com/watch?v=3KdlTI0yNv0;False
Sol en la Cara;Bawrut Chico Blanco;In the Middle;12/11/2021;157440;16;rbano espanol - dark di; Chico Blanco - Sol en la Cara;https://www.youtube.com/watch?v=e4cVd1Qv5z0;False
Me siento distinto;Yung Nick John Pollon TylerB;PA LLORAR Y NO ECHAR GOTA;23/06/2023;180480;33;rbano espa;;;False
i like the way you kiss me;Artemas;i like the way you kiss me;19/03/2024;142514;83;;Artemas - i like the way you kiss me (official music video);https://www.youtube.com/watch?v=evJ6gX1lp2o;False
Balling - LAUFF Remix;Vibe Chemistry LAUFF;Balling (LAUFF Remix);18/08/2023;260689;59;k da;;;False
Festa noi;Me Das Mucho Amor MDMA Music;Festa noi;25/04/2024;76800;20;;Festa noi;https://www.youtube.com/watch?v=dl0cwHIAO6o;False
Jhay Cortez - Tokyo (Broken Lip EDIT);Broken Lip;Gazpachuelo (VOL.1);19/01/2022;146142;36;lamenco electron;Jhay Cortez - Tokyo (Broken Lip EDIT);https://www.youtube.com/watch?v=4fU4fpxSmng;False
EINS ZWEI;ZAPRAVKA;EINS ZWEI;01/03/2024;141818;55;ard b;EINS ZWEI;https://www.youtube.com/watch?v=oaabkCYNihE;False
No Vale Na;Chico Blanco;Life After House;30/09/2019;374926;0;rbano espa;CHICO BLANCO - NO.VALE.NA;https://www.youtube.com/watch?v=swja2HewlC4;False
Lullaby;Chico Blanco;Life After House;30/09/2019;252591;0;rbano espa;Lullaby;https://www.youtube.com/watch?v=DdzMCdpGfHM;False
Lost Like Wally;Chico Blanco;Life After House;30/09/2019;288000;0;rbano espa;Lost Like Wally;https://www.youtube.com/watch?v=NBRXx6KXnGs;False
El cole no es para siempre;Chico Blanco;El cole no es para siempre;30/01/2020;228000;0;rbano espa;Chico Blanco - El cole no es para siempre (Amoroux Remezcla);https://www.youtube.com/watch?v=ud5wp-3mqNI;False
Gominola;Chico Blanco;Gominola;13/03/2020;220687;0;rbano espa;CHICO BLANCO - GOMINOLA;https://www.youtube.com/watch?v=wXY7ZhDyISY;False
El cole no es para siempre;Chico Blanco;Gominola;13/03/2020;228000;0;rbano espa;Chico Blanco - El cole no es para siempre (Amoroux Remezcla);https://www.youtube.com/watch?v=ud5wp-3mqNI;False
CURIOSEA;Chico Blanco;FOREVER 21 (VOL.1);04/10/2023;180289;11;rbano espa;CURIOSEA;https://www.youtube.com/watch?v=xb5jRnAxzNo;False
Palante - Chico Blanco Remix;Stephen Please Chico Blanco;Palante (Chico Blanco Remix);12/05/2020;179204;8;rbano espanol - hyperpop en espa;Stephen Please - Palante (Chico Blanco Quiero Salir Mix);https://www.youtube.com/watch?v=pvzpiMtU7j0;False
Colacao;Boyanka Kostova;Vella Cancion Galega;26/03/2018;230118;22;ap gal;BOYANKA KOSTOVA COLACAO;https://www.youtube.com/watch?v=vwO8hnXqh_s;False
Keep It Up;DJ Crisps;Keep It Up;18/03/2022;358261;14;-s;DJ Crisps - Keep It Up;https://www.youtube.com/watch?v=-WVHO0175ws;False
Fall From A Star;Kill Paradise;The Second Effect;06/11/2009;246906;27;lectropower;Kill Paradise  Fall From A Star lyrics;https://www.youtube.com/watch?v=E3moHX9BGkU;False
Ostblock2;RekuudoTekk;Ostblock2;20/02/2023;150845;40;;Ostblock2;https://www.youtube.com/watch?v=og73QtZuQ-w;False
Different Side;Michael Bibi KinAhau Audio Bullys;Different Side;03/03/2023;193710;54;ig beat - tech ho;Different Side - Michael Bibi Kinahau feat. Audio Bullys;https://www.youtube.com/watch?v=NB95LaBYdsA;False
Lluvias de marzo_remix x [Plasaporros];VVV [Trippin'you] Plasaporros;Turboviolencia_remixes;10/11/2022;182195;23;ndie cana;VVV [Trippin you] Plasaporros - Lluvias de marzo_remix x [Plasaporros] (Visualizer);https://www.youtube.com/watch?v=3mK9DXTlrIc;False
Agrabah;AEREA;Agrabah;11/07/2022;315428;14;;;;False
Los Acidos de Marcos;Javi Rayante;Los acidos de Marcos;05/05/2019;248268;1;;Christina Perri - A Thousand Years [Official Music Video];https://www.youtube.com/watch?v=rtOvBOTyX00;False
guardian angel;lucigarci Faxu 60k Cvndy;guardian angel;11/08/2023;106666;24;yperpop en espa;guardian angel;https://www.youtube.com/watch?v=miXUU7SAtJ0;False
Atmosphere;FISHER Kita Alexander;Atmosphere;11/08/2023;182857;73;ussietronica - australian house - house - australian in;FISHER x KITA ALEXANDER - ATMOSPHERE [LYRIC VIDEO];https://www.youtube.com/watch?v=MlwBZ2MSNtE;False
Guess featuring billie eilish;Charli xcx Billie Eilish;Guess featuring billie eilish;01/08/2024;143330;82;rt pop - uk pop - pop - candy pop - metropopo;Charli xcx - Guess featuring billie eilish (official video);https://www.youtube.com/watch?v=huGd4efgdPA;False
summer on the inside;warner case Jean Tonique Max Kaluza;summer on the inside;30/07/2021;205166;68;ilter house - nu disco - new french touch - indie s;warner case Jean Tonique Max Kaluza - summer on the inside (Lyric Video);https://www.youtube.com/watch?v=gFun2wqsP70;False
Fake ID (Coke & Rum Remix);Riton Kah-Lo GEE LEE;Fake ID (Coke & Rum Remix);15/12/2022;126720;73;k dance - nigerian pop - rally house - house - pop da;GEE LEE Riton and Kah-Lo - Coke Rum (Fake ID Remix) - Official Video;https://www.youtube.com/watch?v=DxDh4mlrnaM;False
Would You (go to bed with me?);Campbell Alcemist;Would You (go to bed with me?);21/07/2023;120522;68;ha;Campbell x Alcemist - Would You (go to bed with me?) - Official Video;https://www.youtube.com/watch?v=3eNCSxMYSrs;False
Back to the Groove;Justin Jay coldsweat DJ Deeon;Back to the Groove;30/05/2024;269625;45;eep disco house - fidget house - ghettot;Justin Jay coldsweat - Back To The Groove (feat. DJ Deeon);https://www.youtube.com/watch?v=QLf9HJFOgMQ;False
Yai Yai;Mohama Saz;Maquina de Guerra;12/01/2024;260522;3;panish psychedelic r;Mohama Saz - Yai Yai - Maquina de Guerra (YaiYai Records 2024);https://www.youtube.com/watch?v=nEurJNrZDMM;False
Tu Tiens a la Vie;Guigoo;Tu Tiens a la Vie;18/07/2018;285600;15;ekno - ragga;Guigoo - Tu tiens a la vie (Narkotek 20 Years);https://www.youtube.com/watch?v=r5_-nzuPu-E;False
No Quiero Verte;Chico Blanco;Gominola;13/03/2020;236107;11;rbano espa;No Quiero Verte;https://www.youtube.com/watch?v=TKbbIaLiSaU;False
Woops - Original Remastered Mix;Dj Bountyhunter;Woops;26/10/2015;256821;43;;Bountyhunter - Woops (Original Mix);https://www.youtube.com/watch?v=3C4tpGpf7PU;False
leavemealone;Fred again.. Baby Keem;USB;09/04/2024;222784;25;dm - stutter house - rap - hip hop - ho;Fred again.. Baby Keem - leavemealone;https://www.youtube.com/watch?v=rNv8K8AYGi8;False
Morenita;HUGEL Cumbiafrica;Morenita;25/06/2021;176491;69;eep ho;Hugel - Morenita - feat. Cumbiafrica;https://www.youtube.com/watch?v=DddlufursFs;False
10 Drunk Cigarettes;Girly Girl Productions;DEMURE;14/08/2024;125142;22;;10 DRUNK CIGARETTES;https://www.youtube.com/watch?v=42rHB72Bb1Q;False
Quiere Vacilar Na Mas;GAZZI Natural Language;ELLA;13/05/2021;234330;26;xperimental c;;;False
K On My D + C;Partiboi69 Juicy Romance;Mutual Pleasure 002;28/10/2021;260475;44;ustralian house - ghettot;Partiboi69 - K On My D+C Feat. Juicy Romance (Official Music Video);https://www.youtube.com/watch?v=rJUfFzd8nHI;False
Jet Plane;Gusted;Jet Plane;08/12/2022;182409;55;ypertec;Gusted - Jet Plane;https://www.youtube.com/watch?v=Y4bSBkHTWNg;False
Selecta;Skrillex BEAM;Dont Get Too Close;18/02/2023;190476;44;omplextro - edm - brostep - electro - trap soul - pop dance - canadian hip ;Skrillex BEAM - Selecta [Official Visualizer];https://www.youtube.com/watch?v=O82EJD7WLQs;False
searching;wilo wilde;searching;08/05/2024;182706;24;;wilo wilde - searching (official visualiser);https://www.youtube.com/watch?v=1k9KcrwhySA;False
I Follow Rivers - The Magician Remix;Lykke Li The Magician;I Follow Rivers (The Magician Remix);10/10/2011;280069;69;rt pop - belgian edm - indietronica - neo-synthpop - swedish indie pop - swedish pop - electropop - swedish electropop - nu disco - ho;Lykke Li - I Follow Rivers - Magician Remix [Music Video];https://www.youtube.com/watch?v=nskaoVf8PPM;False
Day 'N' Nite - Crookers Remix;Kid Cudi Crookers;Man On The Moon: The End Of Day (Int'l Version);01/01/2009;281746;63;op rap - fidget house - ohio hip hop - rap - hip ;Day n Nite (Crookers Remix);https://www.youtube.com/watch?v=6JMgLuKrMpo;False
NOT.MY.TYPE;AEREA;NOT.MY.TYPE;24/08/2022;205000;22;;AEREA - NOT.MY.TYPE (LIVE);https://www.youtube.com/watch?v=vS62vblpiSQ;False
Only In My Mind;Kenya Grace;Only In My Mind;06/10/2023;161137;53;inger-songwriter ;Kenya Grace - Only In My Mind (Official Lyric Video);https://www.youtube.com/watch?v=VqckXx8_-ok;False
I Know;CHEEKS;I Know;17/11/2023;147692;34;tutter ho;CHEEKS - I Know;https://www.youtube.com/watch?v=Gfaq7B7fFBE;False
Lost;Carlos Real;Lost;15/12/2023;232500;18;;Lost;https://www.youtube.com/watch?v=_J4aoZAV6Vw;False
TRIPPIN;BUNT. Mapei;TRIPPIN;28/06/2024;202881;64;tutter house - swedish s;BUNT. Mapei - TRIPPIN;https://www.youtube.com/watch?v=stTb689LR_0;False
HER;longstoryshort;HER;03/03/2023;156157;38;tutter ho;HER;https://www.youtube.com/watch?v=nzAFXLnGpuE;False
nasha;Sommaiya Angrish;nasha;11/03/2024;154000;14;;nasha;https://www.youtube.com/watch?v=Can5teRhERc;False
just stand there;Fred again.. SOAK;ten days;06/09/2024;260997;62;rish singer-songwriter - edm - stutter house - derry indie - ho;Fred again.. SOAK - just stand there (15th August 2024);https://www.youtube.com/watch?v=3SO7AkGxawM;False
 Friends (Long Drive);Skrillex;Scary Monsters and Nice Sprites (Deluxe Tour Edition);21/12/2010;389023;;['complextro' 'edm' 'brostep' 'electro' 'pop dance'];;;False
Candy Thief;Beatpella House;Candy Thief;30/08/2024;125322;47;;BEATPELLA HOUSE - Candy Thief (Beatbox);https://www.youtube.com/watch?v=oJ492O5Z1f4;False
Rugrat;Jordan Sanchez;Rugrat;28/06/2024;153070;13;;Rugrat;https://www.youtube.com/watch?v=DwuW-mbS8lA;False
Umtahemd;Faschtbnkler;Umtahemd;13/09/2024;143094;52;eue volksmusik - volks;;;False
Tangos De Copera;La Plazuela Natural Language;Tangos De Copera;16/09/2021;267576;43;uevo flame;La Plazuela - Tangos De Copera (video oficial) ft. Natural Language;https://www.youtube.com/watch?v=dIoRDo8Ub2E;False
kusha las paya - remix;Robzzz;kusha las paya (remix);15/03/2022;156642;23;;kusha las paya (remix) | Robzzz;https://www.youtube.com/watch?v=pWgsJ0ZWj2A;False
Ringui Dingui - Andres Campo Remix;Kase.O SFDK Andres Campo;Ringui Dingui (Andres Campo Remix);17/06/2022;406356;35;panish hip hop - spanish techno - rap politico - rap underground espa;;;False
Mi puto swag;Teo Lucadamo JOD;Mi puto swag;14/12/2023;148038;32;;TEO LUCADAMO - Mi puto swag;https://www.youtube.com/watch?v=5NY2cR0le2M;False
LA TOSTADA - Tony G Tapes;Tony Grox Teo Lucadamo;LA TOSTADA (Tony G Tapes);15/02/2023;145320;40;;Tony Grox Teo Lucadamo - LA TOSTADA (Tony G Tapes);https://www.youtube.com/watch?v=JOsGAT2Rr2w;False
Hombre Clavo;Chill Mafia Records Nerve Agent;Agur Eta Ohore X Alli Va La Despedida;18/09/2024;207272;35;uskal reg;CHILL MAFIA FT. NERVE AGENT - HOMBRE CLAVO;https://www.youtube.com/watch?v=mzfIkRcXmgI;False
Phonky Tribu;Funk Tribu;The Midnight Club GT;21/10/2021;286145;58;;Funk Tribu - Phonky Tribu;https://www.youtube.com/watch?v=exI40Lqyd0k;False
DIE LIEBE KOMMT NICHT AUS BERLIN;Brutalismus 3000;ULTRAKUNST;07/04/2023;206626;54;u gab;Brutalismus 3000 - DIE LIEBE KOMMT NICHT AUS BERLIN (Official Video);https://www.youtube.com/watch?v=BY1qkoUhcWQ;False
SONAR;EARGASM GOD;SONAR;02/03/2021;337671;49;nu gab;;;False
Why's this dealer?;Niko B;Why's this dealer?;29/08/2024;129571;64;;Niko B - Whys this dealer?;https://www.youtube.com/watch?v=SerTJpflwMM;False
Hasta Tarde (Till Late);Kid Simius Chico Blanco;JOSE;23/08/2024;349180;12;rbano espa;Hasta Tarde (Till Late);https://www.youtube.com/watch?v=EJ7fJSQ3Kfw;False
El Ritmo & Yo;Chico Blanco;MARICAS (Compilation Vol. 2);01/03/2024;319805;11;rbano espa;El Ritmo Yo;https://www.youtube.com/watch?v=MVxWT5P2CQc;False
Superglu;Teuma Thug;Superglu;11/08/2021;186352;20;rap cat;;;False
Clouds;BUNT. Nate Traveller;Levi Don't Do It;19/01/2024;158760;76;tutter ho;BUNT. Nate Traveller - Clouds (Official Video);https://www.youtube.com/watch?v=HvvECHLHKrM;False
Zure Kebapa;Chill Mafia Records Tatxers;Ezorregatik X Berpizkundea;14/02/2021;283725;30;uskal rock - euskal reg;ZURE KEBAPA - CHILL MAFIA X TATXERS (BIDEOKLIPA);https://www.youtube.com/watch?v=DhtUxOiAO0Y;False
ronaldinho;1111 9ckles Armas Fedra ru0001;la mil ciento once;28/10/2022;132713;35;yperpop en espa;ronaldinho;https://www.youtube.com/watch?v=1j7om2uwvQg;False
Fahrradsattel;Pisse;Kohlrbenwinter;19/09/2016;109049;58;;Pisse - Fahrradsattel;https://www.youtube.com/watch?v=ODkERmUh0hQ;False
Feed Your Soul;Interupt;Feed Your Soul;28/04/2023;157241;25;assl;Interupt - Feed Your Soul;https://www.youtube.com/watch?v=XjsFk5Wiiyk;False
Hurt;Maikubi VOLT VISION;Hurt;13/01/2023;127440;47;ym phonk - drift ph;Maikubi x VOLT VISION;https://www.youtube.com/watch?v=AXWNSgZ659k;False
Cada superficie;Casero;estoy exagerando???;08/11/2024;155145;30;onti;Casero - Cada Superficie (Videoclip);https://www.youtube.com/watch?v=nn_BT47I6zc;False
Nightcall;Kavinsky;Nightcall;2010;258413;72;ilter ho;Kavinsky - Nightcall (Drive Original Movie Soundtrack) (Official Audio);https://www.youtube.com/watch?v=MV_3Dpw-BRY;False
Rewind;Highkili Guim;Rewind;14/04/2023;150229;13;ndie cana;REWIND - HIGHKILI / GUIM;https://www.youtube.com/watch?v=zY4q8eJRowc;False
Donde esta er camino;VAN17INO6 Robzzz Plasaporros;ER PATIO LOS NEONES;09/07/2021;253261;22;;;;False
Quizz;VAN17INO6 Killmiya Plasaporros;ER PATIO LOS NEONES;09/07/2021;123479;16;;VAN17INO6 ft. Plasaporros (KILLMIYA) - Quizz;https://www.youtube.com/watch?v=csFPv50gcHg;False
Warra;VAN17INO6 Chico Blanco;ER PATIO LOS NEONES;09/07/2021;185335;16;rbano espa;VAN17INO6 ft. Chico Blanco - Warra;https://www.youtube.com/watch?v=-1D4gVB2cUQ;False
100 pistas;VAN17INO6 Plasaporros;ER PATIO LOS NEONES;09/07/2021;225489;8;;VAN17INO6 ft. Plasaporros - 100 pistas;https://www.youtube.com/watch?v=0zg9k3yVObM;False
Psycho Dreams (Sped Up);Kill Eva ENCASSATOR;Psycho Dreams (Sped Up);17/03/2023;123333;71;;Kill Eva ENCASSATOR - Psycho Dreams (Sped Up);https://www.youtube.com/watch?v=xknnD47tcMU;False
Como Se Dice;Perra Inmunda Chico Blanco;Como Se Dice;13/11/2024;269094;28;rbano espa;Perra Inmunda Chico Blanco - Como Se Dice (Official Video);https://www.youtube.com/watch?v=y9HwdvHGEdc;False
Mira La Nina_Chico Blanco_Remix;La Plazuela Chico Blanco;RONEO FUNK CLUB_REMIXED;05/10/2023;306700;19;rbano espanol - nuevo flame;;;False
Diva;Javiera Mena Chico Blanco;Nocturna;30/09/2022;206832;16;op chileno - chilean indie - electronica chilena - urbano espanol - pop electronico - chilean r;Javiera Mena - Diva ft. Chico Blanco (Official Video);https://www.youtube.com/watch?v=GKUOqS_R-9w;False
Techo;Ciutat Chico Blanco;Brandon;27/01/2023;250246;20;rbano espa;Ciutat feat. Chico Blanco - Techo (Official Video);https://www.youtube.com/watch?v=Oknew5PTiKg;False
Alas para Volar;Colectivo Da Silva Chico Blanco;Vacaciones;25/10/2019;203089;10;ranada indie - urbano espanol - tonti;Colectivo DA SILVA x Chico Blanco - Alas para Volar (Sims Karaoke Version);https://www.youtube.com/watch?v=F3_5M9lHQaU;False
Bipolar;Sandro Jeeawock Chico Blanco Swallow X;Lucky Luciano;27/07/2018;141818;2;rbano espanol - hyperpop en espa;Bipolar;https://www.youtube.com/watch?v=Na_kp7aUV0I;False
La Carta Exagerada - Chico Blanco Remix;Hidrogenesse Chico Blanco;La Carta Exagerada (Chico Blanco Remix);18/11/2020;372396;6;rbano espanol - spanish indie pop - spanish noise ;La carta exagerada (Chico Blanco Remix);https://www.youtube.com/watch?v=FLkVFvVEHRc;False
Mama  avui tampoc dormo a casa - Hadren Remix;LaFrancesssa Hadren Chico Blanco;Hard Cor fa un pensa (Remixes);11/05/2023;196400;;['urbano espanol'];;False;
Chico Serio;Hnos Munoz GAZZI;Chico Serio;14/07/2022;218880;31;&b en espanol - experimental c;Chico Serio;https://www.youtube.com/watch?v=av1Pvny92c0;False
Que Tengo Que Hacer;GAZZI;Puro Mareo (Vol. 2);06/05/2022;280615;7;xperimental c;ASMR Roleplay MANICURE e CHIACCHIERE con la tua MIGLIORE AMICA  (Cozy Basic);https://www.youtube.com/watch?v=4nWmW0pnz3c;False
I Like It;Perra Inmunda Chico Blanco;Chico Perra;27/11/2024;210239;21;rbano espa;I Like It;https://www.youtube.com/watch?v=CRcWWqm_swE;False
Ayer Te Vi;Perra Inmunda Chico Blanco;Chico Perra;27/11/2024;377506;19;rbano espa;Ayer Te Vi;https://www.youtube.com/watch?v=2pTkZkT5zc8;False
Ocean;FISHER AR/CO;Ocean;29/11/2024;196923;65;ustralian house - house - pop da;FISHER X AR/CO - OCEAN [LYRIC VIDEO];https://www.youtube.com/watch?v=PgZ4iAeXmf0;False
Color Blind;Diplo Lil Xan;Color Blind;22/03/2018;177480;54;dm - electro house - dance pop - cloud rap - pop dance - moombah;Diplo - Color Blind (feat. Lil Xan) (Official Music Video);https://www.youtube.com/watch?v=wylMwU1wEOM;False
Jenny (I Wanna Ruin Our Friendship);Studio Killers;Jenny (I Wanna Ruin Our Friendship);04/12/2020;215280;66;;Studio Killers - Jenny (I Wanna Ruin Our Friendship) OFFICIAL MUSIC VIDEO;https://www.youtube.com/watch?v=hyj4JFSErrw;False
Mi Fabrica de Baile;Hnos Munoz Joe Crepusculo;Mi Fabrica de Baile;14/12/2023;148064;41;&b en espanol - spanish indie pop - spanish noise ;;;False
heavy;MAYV;heavy;16/12/2024;173731;16;;Memphis May Fire - Heavy Is The Weight;https://www.youtube.com/watch?v=Ld70KFoOa5M;False
Gibraltar;Soto Asa;Gibraltar;09/12/2022;208375;41;rbano espa;Soto Asa - Gibraltar (Videoclip);https://www.youtube.com/watch?v=LSJ_ea16rFQ;False
